Полное имя,Работа,Емайл
Paul Bondar,Developer,kgpdcsehnomuqrtiyalfbxwjzv@ukr.net
Olha Mahno,Developer,qdfwjpagistzkounlxymrchevb@i.ua
Kate Shevchenko,PM,xfyqhwinplkomtjvadezucrgsb@ukr.net
Denis Bondar,TeamLead,egrfmulwqdavyxbkstjcnziohp@ukr.net
Denis Bondar,TechLead,ifqtasxlbpzvnoejducyhwmkrg@ukr.net
Paul Bondar,TechLead,cnfjlhbursqkteiyzgmwvoxdpa@i.ua
Kate Bondar,PM,arzlgdxmicesfjhvbnokwtpqyu@i.ua
Olha Bondar,TeamLead,neohfutmzxdalrcqspbwvygjki@gmail.com
Denis Mahno,TechLead,tkdromynqsihwgxbcepvjzlfua@i.ua
Denis Bondar,PM,qifazujphytvkldensmgcboxwr@gmail.com
Olha Kovalchuk,PM,acbiqghdlkjoumxnvszryfptew@i.ua
Paul Mahno,PM,ysmkopquthicazjvnwdefgrbxl@ukr.net
Kate Kovalchuk,TeamLead,avyuwsgmkqezdcnhrifjopxtbl@ukr.net
Paul Bondar,Developer,mkhnsbrogtzeqdiajuyfcpxlvw@ukr.net
Paul Bondar,Developer,lkmidonvajhscwbfuyextqrpgz@ukr.net
Paul Kovalchuk,TechLead,ysdoijqxvtaecpnfmgwblukhzr@gmail.com
Olha Bondar,TeamLead,pnzvehftdyjgwocxsqriulbmak@i.ua
Paul Shevchenko,TeamLead,exuvcsbwhkftzmlqgpidjrnoya@i.ua
Paul Mahno,TechLead,bmzjsyhxceniafovuqtgprwdkl@ukr.net
Olha Kovalchuk,TechLead,lgzekwqafhnjcxobismvutypdr@ukr.net
Olha Shevchenko,TeamLead,mwncuobaxzqefdgryskpivlthj@gmail.com
Denis Kovalchuk,PM,dljgztfcxqnriokyapsmehwubv@ukr.net
Paul Kovalchuk,Developer,eutijyogrbwpavxnhckdflqzms@gmail.com
Denis Shevchenko,TeamLead,cjupmfrtdyoslnhgbxiqzekwva@ukr.net
Denis Kovalchuk,Developer,vrghkiumjaxtylepcdbnfoqszw@ukr.net
Denis Kovalchuk,Developer,moxfeswzpackiyvrdtjlnhgqbu@gmail.com
Olha Mahno,TechLead,ywcxijgpzvtedbkomlarnfushq@ukr.net
Denis Shevchenko,TechLead,xvugpcfishkzerwqmjnyabldot@gmail.com
Kate Mahno,TechLead,oahsexiqmzbkwjgrfvpldntcyu@ukr.net
Kate Bondar,PM,dpemrzcsaiobvhlxwgkjnuqfty@ukr.net
Kate Bondar,Developer,mfwulnyxserhapzqobjcitgdvk@gmail.com
Kate Bondar,PM,iudeyozqwvrnpsltgbcxmfjkah@ukr.net
Denis Mahno,TechLead,ebomktwufygzsinhjqpcavdrxl@i.ua
Olha Bondar,PM,wetypjduscimlzrogxhqfankvb@i.ua
Olha Shevchenko,TeamLead,wajyufdoecbmlxzshptviqgrkn@gmail.com
Paul Kovalchuk,TechLead,mxdsancjlybzoptqrgfehkiwuv@gmail.com
Kate Shevchenko,Developer,dchbxaitrmufojwylknevgszpq@gmail.com
Kate Shevchenko,TeamLead,nwiszubhplvtgqockfajmedrxy@i.ua
Olha Kovalchuk,TeamLead,zrqmdupsgkolvxciyhnewjbaft@i.ua
Kate Mahno,Developer,lyjfoixgdzutmhvprkbsnceqwa@ukr.net
Paul Mahno,TechLead,nfgxzapurhwqjdmbtosiyeckvl@gmail.com
Denis Mahno,PM,gzvludbhtxkofiwnyscjapmrqe@ukr.net
Paul Shevchenko,PM,rdyqcpvuhftxbeliszwjgomank@i.ua
Paul Shevchenko,TeamLead,rsxczankfwidohyqjvbemtlpug@ukr.net
Kate Bondar,PM,myehtznlfbjpovdqcxigkuaswr@ukr.net
Kate Bondar,PM,bsgckvaeizxjpmyuhftnrwdqol@gmail.com
Olha Shevchenko,Developer,lbgcatypzdnwfeqimvkuhxrojs@gmail.com
Denis Kovalchuk,TechLead,urxezvaigpbqsojtlhkcydwmnf@ukr.net
Kate Mahno,PM,hvrwnqyolefzdcxujkgaitbmps@ukr.net
Paul Mahno,TechLead,icrjkabpvqtxlgdehsfynomuzw@ukr.net
Olha Bondar,TeamLead,mikpxosldzfcutnawgqbyevjrh@ukr.net
Olha Mahno,Developer,dpyqbtfjnrvozxlsiwhmgeuakc@i.ua
Olha Mahno,TeamLead,oqrcfdizsevnylxhgmpjwubkat@ukr.net
Kate Bondar,TeamLead,volhwrzfcxmtysiedbnpkaguqj@i.ua
Paul Bondar,PM,wpoiubhaqctrndgfzmeslvykxj@i.ua
Kate Bondar,TechLead,sgvyojzkphftwuxdmeqcbranli@ukr.net
Paul Kovalchuk,TeamLead,hrefuapjmxkvnwlzdsbtogqciy@i.ua
Olha Kovalchuk,Developer,gfvzuqnbcwkphjtmodaesixryl@gmail.com
Denis Bondar,PM,rpdzsgtjwcaebivqumxlfonkhy@gmail.com
Paul Kovalchuk,TechLead,ewmgirktlhjxvozyfdpcbansqu@i.ua
Paul Mahno,Developer,qzjyxukrcvedtoghspwnmbilaf@i.ua
Denis Bondar,Developer,jfvydukoqnzgherswpixlbctma@ukr.net
Kate Bondar,TeamLead,qbvfruhzanogymcxkwsdplietj@gmail.com
Olha Bondar,Developer,mdjpzeqiogrhtwavnbykluxscf@ukr.net
Kate Shevchenko,Developer,suqxalbhcvkdmijgnepywozrft@gmail.com
Olha Mahno,TechLead,gxzdanqksijhuwoertvyfmlcpb@i.ua
Olha Kovalchuk,TechLead,ljumirhwsfebantdgozykvcpqx@i.ua
Paul Shevchenko,Developer,kuajxvsreycmplfbdtgqnhwzio@i.ua
Olha Shevchenko,Developer,qbrolufvaxztmwpykjghcneisd@ukr.net
Olha Bondar,Developer,blspmkhxfywveiunaqtzcgrdjo@i.ua
Kate Bondar,TechLead,lzbgarvyjknecuowdmthisxpqf@gmail.com
Paul Bondar,TeamLead,qzrcpltenhdxvgybmaijfswuok@ukr.net
Kate Mahno,PM,jduanpwbktvlciozhqgesyfrxm@ukr.net
Paul Mahno,PM,rmucenvazqgfbptdoxlkjywhsi@ukr.net
Denis Mahno,Developer,rlwujmzfdayteqbipxhvncgsok@i.ua
Olha Shevchenko,PM,dxaiogyemjpckqhuzrsnwvtblf@gmail.com
Paul Kovalchuk,TechLead,olqhtbrcaxgzjwsyimnkpvdufe@gmail.com
Kate Kovalchuk,Developer,wftecbkuxhrsoaqvymgdznlpij@ukr.net
Paul Bondar,TeamLead,nfdegytmxjczaqhsowbrulvpki@ukr.net
Kate Kovalchuk,TechLead,vslndjeobgaumkrftizhcxywqp@ukr.net
Olha Bondar,TechLead,qglmyxpewczbiohdnjrfvktsau@i.ua
Olha Kovalchuk,TeamLead,tpwvqcioujhskngedyzfbaxlrm@i.ua
Paul Kovalchuk,TechLead,nhorewyqjsmbpadtcuvkfxgizl@i.ua
Kate Mahno,TechLead,qaypzxjkmuidrbovnwceglfsth@gmail.com
Paul Shevchenko,TeamLead,ckxtmzlrjbsgwoeuqdyhinvpaf@ukr.net
Olha Shevchenko,Developer,axzteqcnmpwhryjgbfvkuiolsd@ukr.net
Denis Kovalchuk,TeamLead,gfxiqrlhdjmwabsznoykvteupc@i.ua
Denis Mahno,PM,agzyromxnucvkdiswthjqlfbep@gmail.com
Olha Kovalchuk,TechLead,wnqupxgkveytzbhcjolsmaidrf@i.ua
Denis Bondar,TechLead,eohrigwfpzmjvbcdlutqnxskay@gmail.com
Denis Bondar,Developer,gzylfqpemikruwtodcabxshvjn@ukr.net
Paul Mahno,TechLead,couqivaeydhsmpjftlzkrxnbwg@ukr.net
Kate Bondar,Developer,sygvkcljfwaoqnmitxzduhbper@ukr.net
Paul Kovalchuk,TeamLead,oswmpgcejdnazkyuftrqibvxhl@i.ua
Kate Shevchenko,TeamLead,qhvemnrciujogtyxkzsldbwfap@gmail.com
Paul Kovalchuk,TeamLead,fcrvuokynebwqxdmspltjigzha@gmail.com
Denis Bondar,PM,tedhosckzwpginqfuvbyrxjaml@i.ua
Kate Kovalchuk,TeamLead,xempczdifhlabkgrnvstuwoqyj@ukr.net
Paul Kovalchuk,TechLead,shqcgobduzlepntrfxkmiyvajw@ukr.net
Paul Kovalchuk,TechLead,eiytmabjhnqscpvgzoflrwkuxd@ukr.net
Paul Bondar,Developer,rnyfltszhdvubpwiemackxqojg@ukr.net
Paul Bondar,TechLead,megtrvhoiydkfapzwluxcnsbqj@i.ua
Kate Mahno,TeamLead,ayvrzkqnjfuopsmticexgbwdhl@gmail.com
Denis Mahno,TeamLead,ueftbpjromkayhgsvncqzdxilw@ukr.net
Olha Shevchenko,PM,dfyxovugqlamcirpwsbtkezjhn@gmail.com
Kate Mahno,TeamLead,gjufwnmdtpehrzovsicqblkxay@gmail.com
Kate Mahno,PM,pjfxrhdymiusgbtwcnlakvzeqo@gmail.com
Paul Shevchenko,Developer,mrqhkligsueczdywavonfbxtjp@gmail.com
Denis Shevchenko,TechLead,wrmgkjtaihselbvoxznypcqfdu@i.ua
Denis Mahno,TeamLead,lqpyecxoshudjwtkrvgbamnfiz@ukr.net
Paul Mahno,Developer,dskujontcxrqzpelbvmwfhgyai@i.ua
Olha Mahno,TeamLead,oyherlnzwbcuxvkfqpitjgsamd@ukr.net
Paul Shevchenko,PM,zkugtvaeqcfdjribpmnoshxlwy@ukr.net
Kate Kovalchuk,TeamLead,mrkbnueatgsqwlyzidxvjhfocp@ukr.net
Kate Mahno,Developer,lodxwsfhmzjpcvkebutqyrniga@gmail.com
Olha Bondar,TeamLead,zvwdlcnkhtrfqbeomiajyuspgx@gmail.com
Paul Bondar,TechLead,hqrgxysvwicelmdfktaunbzpoj@ukr.net
Kate Mahno,Developer,owymtnifalbxjcprudvqgzhske@i.ua
Kate Shevchenko,PM,ploydsimrtwxeqknchjfbguzav@gmail.com
Denis Bondar,TechLead,ezhxtdqvyaspbirgcwkljnfumo@i.ua
Paul Bondar,TeamLead,kzgulyfwcrhosdaenvxiqbmtjp@i.ua
Olha Bondar,TeamLead,mnaevycuohjtiqfpbwdzrxgkls@i.ua
Olha Mahno,TeamLead,gmfpekqudnywozbhvaxlsrcijt@gmail.com
Olha Bondar,TeamLead,etockgnzqysilwpmubjdxrfhva@i.ua
Olha Shevchenko,TechLead,zrwdvncsgybealkqfmxithjpou@ukr.net
Denis Shevchenko,Developer,dboihlvmyrqjsckxuepgtnwzfa@gmail.com
Kate Mahno,TechLead,mdgfeksnpyxuzrclvtjbahwiqo@gmail.com
Denis Shevchenko,Developer,sptmyveuafqzjhdgnkoiwclbxr@i.ua
Kate Bondar,PM,bvcpnmrsxjoakueiwdztyglqfh@ukr.net
Olha Shevchenko,TechLead,lymjhqdixkrnbwguaeoszpvfct@ukr.net
Denis Shevchenko,PM,jrpbxhakuimvqzwdgnyeloftcs@i.ua
Kate Kovalchuk,PM,jfornsizmkgxcylaedbtwpvqhu@ukr.net
Olha Kovalchuk,TechLead,awvlyxqdpjzkgcbrmnoitfhues@ukr.net
Olha Mahno,TeamLead,vjnwhiblzqmefgdyopcxutarks@gmail.com
Denis Kovalchuk,TeamLead,sbziyhackjtmqolepdrxfgvunw@gmail.com
Paul Mahno,Developer,yxtkwbrgndmqhjeflozuvcpsai@ukr.net
Denis Mahno,TechLead,dfsgoqecabxupnvryhmwtilzkj@i.ua
Paul Mahno,Developer,qhctudikogjmbfxpelzryvnwsa@ukr.net
Paul Kovalchuk,PM,rqbuhfdtyzxismvkjgeloapcnw@i.ua
Olha Kovalchuk,PM,sqepcfgarwknmltxvijhbozydu@ukr.net
Kate Shevchenko,Developer,esjgihnypawtomluvrxfkzbqcd@ukr.net
Kate Kovalchuk,PM,mcefbknwtdphlvigqyxurzasoj@gmail.com
Paul Bondar,PM,hekcuwzagsqxvtfyomlrbpdnij@i.ua
Kate Shevchenko,Developer,mipdeshzqokxwalytgucvbjfrn@gmail.com
Olha Bondar,TeamLead,qmxshnizwygupeldocatjvrkfb@ukr.net
Kate Mahno,Developer,rpabszkqegcyftxdwhujnlvoim@i.ua
Olha Bondar,TeamLead,enruxtsfikzcwjbmhqlyadgpov@gmail.com
Olha Shevchenko,TechLead,rcgfaqomunpxbyjdhewivztlks@i.ua
Paul Shevchenko,TeamLead,ijnxzdgowrqeflyvamthbskucp@i.ua
Paul Mahno,TeamLead,krapiqgysondlfmhvwexcbjztu@ukr.net
Kate Bondar,Developer,fymwihjlpkcubqnsegxotrvzad@ukr.net
Denis Mahno,TeamLead,pjbhkmtcndgzxoqirevsyafulw@gmail.com
Olha Kovalchuk,TeamLead,uybhvsrkdwxofqnipgtjmazlce@ukr.net
Paul Kovalchuk,PM,vjhnidbmxzotcwfgsyleqparku@i.ua
Paul Mahno,PM,inymvfegplhtukqxdzjrabwosc@i.ua
Denis Bondar,Developer,ydokwqtvinzjbarghecxfsumpl@ukr.net
Denis Shevchenko,Developer,ymlguqothzcpardsvkwjefinbx@ukr.net
Kate Bondar,Developer,mcaonsbtkljwrevihpfugxzydq@ukr.net
Olha Mahno,TechLead,rcgnpqabjwfdmxsiolhytzukev@ukr.net
Paul Shevchenko,Developer,fizarbuncqgytmhwxlvedpsokj@gmail.com
Kate Shevchenko,PM,sxfwnakvequzrtpilgobyhjmcd@ukr.net
Olha Bondar,TeamLead,zkcsjwirpmngfvxoelduthbqya@ukr.net
Kate Bondar,Developer,gmluboprkfjqsdtihyenxazcwv@gmail.com
Kate Shevchenko,TeamLead,stvfpzkxhuqcrlondagjbywemi@gmail.com
Paul Kovalchuk,TeamLead,cynsptwdqigmkzjhvbrxaeufol@ukr.net
Paul Bondar,Developer,ulpoxhqbifjmewtkdancyrgsvz@gmail.com
Kate Bondar,PM,crxawlysfjuzngvemtqdpbohik@i.ua
Paul Bondar,TeamLead,inkgywrqzapuscvdmltbexojhf@ukr.net
Denis Mahno,PM,fejuphoinkmclravsqbdtwzxyg@i.ua
Olha Kovalchuk,Developer,soralbtpqfcyudnkwhxveigjzm@i.ua
Olha Kovalchuk,TeamLead,bjvkenuzompxadfigwthqcylsr@gmail.com
Kate Shevchenko,Developer,vcrdimhyjqfzwtpbgosalkxenu@ukr.net
Paul Shevchenko,Developer,tokdngmwyjuzqrxpvcsilabhfe@gmail.com
Olha Kovalchuk,TeamLead,khosiedrtnmfvubxplyzcajgwq@ukr.net
Kate Kovalchuk,Developer,zkywfmhavluxjdecbiqorpsntg@i.ua
Kate Mahno,TechLead,abszeihkuydgtomvrxwqpnlfcj@i.ua
Paul Bondar,TeamLead,piqyczvabhjloftuewrdxnkmgs@ukr.net
Olha Shevchenko,Developer,hletmyowzncfkbgiqsjvdrpaux@i.ua
Olha Kovalchuk,Developer,qasvimtznbjgepdkorwhfcxuyl@gmail.com
Olha Kovalchuk,TeamLead,liyqcuodsmvbrkgajentxpfzwh@i.ua
Denis Shevchenko,TeamLead,habzcwdeunyxtlgovpqkfjmsri@ukr.net
Denis Bondar,PM,ynefdbuqawjsrpzkholtivcgmx@ukr.net
Paul Mahno,TeamLead,njygdkruqmpctihlwzvxoefbas@i.ua
Denis Mahno,TeamLead,ounsfcagwkmxbjdrpyelvhzitq@ukr.net
Denis Shevchenko,TechLead,oyuekpbctfaxdjnwzrgqmvishl@gmail.com
Olha Shevchenko,TechLead,xhteaqpkdwjnguvlycbirmsofz@i.ua
Denis Mahno,PM,ecqnhsgrfxtzlujmkvadwioybp@ukr.net
Kate Shevchenko,Developer,sbtiweyurgcnfzvjldamkohxqp@gmail.com
Olha Kovalchuk,TeamLead,tzgvxbhicoysjqeurdwamnplkf@i.ua
Kate Shevchenko,TechLead,alqbnguxfpezhrismtwckjdvoy@gmail.com
Kate Bondar,PM,mbdyjphkxcwgvasfezinqlturo@gmail.com
Paul Kovalchuk,TechLead,jeifdcxgarkowpshqvmtynluzb@gmail.com
Denis Bondar,TechLead,kofgtphrbaxnewqyimcvujdzls@i.ua
Paul Bondar,Developer,yqpofbhrkdgasmecwntixzvlju@i.ua
Kate Kovalchuk,TechLead,xafhdgrkutsqnmzlvwcopjybie@gmail.com
Kate Bondar,Developer,kfjwoeqvzprdbicxamhgnsluyt@gmail.com
Kate Shevchenko,TechLead,qmvrijfdtcseabhpuylokgxznw@i.ua
Paul Mahno,Developer,wugyhxlotqjepkszavfdrcminb@ukr.net
Kate Shevchenko,TeamLead,ngruvmspiwkdoybqjhtfexalzc@i.ua
Kate Shevchenko,PM,vpdfyztgwqxlskmnorhejauibc@gmail.com
Olha Kovalchuk,PM,jbfczhmwgrxtlqnyopedvuiksa@ukr.net
Olha Bondar,Developer,jipgtrskdmfwcnyzeboquhaxvl@gmail.com
Denis Mahno,TechLead,apzuqrbehfxgvcjownimytsdkl@ukr.net
Kate Bondar,Developer,yochlnewsmptjrzuavikgfqbdx@ukr.net
Paul Bondar,PM,ydranqkexglwvthucopjzmbisf@ukr.net
Kate Mahno,PM,gohcsmqzbefutrlvxindwjypka@gmail.com
Olha Bondar,PM,ufphjeicoxkbqdstmrvyzgnlwa@i.ua
Paul Kovalchuk,TeamLead,dsmqtzvrjbpcyaoufgwinelhkx@ukr.net
Kate Shevchenko,TechLead,akcrjgnwpetbsidumofxhvlyqz@ukr.net
Kate Mahno,TeamLead,ikptzeqanuxscyjfmgdrvbhwol@ukr.net
Olha Shevchenko,Developer,kmfcrpubjwgvyxitnshqodzeal@ukr.net
Paul Shevchenko,TeamLead,riqtkwsnfdxlcbuzohpayemvjg@gmail.com
Denis Bondar,TeamLead,njbpykdgxzocmhefilvsrqatuw@i.ua
Paul Kovalchuk,Developer,hteqbvpmznolyxgjkfdruicasw@i.ua
Kate Mahno,TeamLead,exnmkbuyolafqhwrivdpsjgtzc@ukr.net
Paul Kovalchuk,Developer,djvtlnxmfpkaezhyrquwbgocis@gmail.com
Kate Mahno,PM,ismranltozxgbhkecvfdpqwujy@gmail.com
Denis Kovalchuk,PM,tfahiqmcsxpbzewkdorujlyvng@ukr.net
Olha Shevchenko,TechLead,opdabzxlcfqjksmieuhgrnvwyt@gmail.com
Paul Kovalchuk,TeamLead,wzlgcxrivujfomsqpkehtbdnay@ukr.net
Olha Shevchenko,TechLead,emtyowbjrasnfzkqpxdhcluvgi@gmail.com
Paul Mahno,TechLead,dfkqslrctagojeiyvhwuznxbpm@ukr.net
Paul Kovalchuk,TeamLead,zckrgwxymqtjdvhbopafuseiln@ukr.net
Kate Bondar,TeamLead,vhrtagijlnudpsqwbomxezkfyc@ukr.net
Olha Bondar,TeamLead,bemrvgyjtshnakpxlqdcwiouzf@gmail.com
Olha Bondar,Developer,tughrypkwzbasovmxeqdflijcn@i.ua
Denis Mahno,Developer,yfoiabhwtzlmrsdcnkugjvpeqx@ukr.net
Denis Shevchenko,TeamLead,gldotzpbqvjusnarxmfkwhciey@ukr.net
Kate Bondar,TechLead,ujzaykfhqgbtsecxdlmwopnriv@i.ua
Kate Kovalchuk,TechLead,palxoscvjrtqzygfkhmuiebwdn@gmail.com
Olha Kovalchuk,PM,ycvhmjzrobtkwaxfgdnluieqps@ukr.net
Olha Mahno,TechLead,sqhbwkcajiyeuxogzfmvrndtpl@i.ua
Paul Shevchenko,PM,hlzkasgupocitrqfxejmndwvyb@gmail.com
Kate Bondar,Developer,dxfcaunyzrjekqpgohitwmlvsb@i.ua
Kate Bondar,TechLead,awtcjzeniqyublofdxhgvpmskr@i.ua
Paul Mahno,Developer,swbqjnvyrmhgltkxfuipzdecoa@ukr.net
Denis Shevchenko,TechLead,hqrovpezbiykdacgxtljsnumwf@ukr.net
Paul Bondar,Developer,vyquzkeothraijnclgwbspfmdx@i.ua
Denis Bondar,TeamLead,vqpkminhtwyoufejdaclxzsrbg@i.ua
Denis Mahno,TechLead,abqwlojtueskhgmypdrnicxzvf@i.ua
Olha Shevchenko,TechLead,kwybqlmiuafjeztrdhosngcvxp@ukr.net
Kate Shevchenko,TechLead,zovalwgurbtjhfpsicynedkmqx@gmail.com
Olha Shevchenko,TeamLead,flwtygsmhkzvbodeqxcpnrijua@gmail.com
Paul Kovalchuk,Developer,wsaivktzbnercofpdlhjgqxmuy@gmail.com
Denis Kovalchuk,PM,yeiguolwcavmqspkzhtdbnxfrj@ukr.net
Kate Bondar,Developer,lwfpouxgjymarvcihqznkestbd@ukr.net
Denis Kovalchuk,Developer,mawvrzqfdlkyhjtbexngoipucs@ukr.net
Denis Mahno,Developer,csxfvngpzbewdjuyrklmtoihaq@ukr.net
Paul Kovalchuk,TeamLead,srlghfbwxdpmcytkaozeuvnqji@gmail.com
Paul Kovalchuk,TechLead,jeyrxobgpqwdfmivltckzunsha@gmail.com
Paul Kovalchuk,TechLead,ipklzqmjsteuoxcbnadrvfghwy@ukr.net
Denis Kovalchuk,PM,wtfphsdrqmvjgxenziablocuky@gmail.com
Denis Mahno,Developer,wnsbidfpvgjzxlkuhcyeoatqmr@gmail.com
Kate Shevchenko,PM,tzfmhvlkwbnquaricxodgesjyp@ukr.net
Paul Bondar,PM,riaxjybdlopkfqvngcwemszuth@ukr.net
Kate Mahno,TeamLead,gdvqpaslhcuextkryjzbfonimw@gmail.com
Kate Mahno,PM,ohbzyxdkjnqtrlsvpewigfmuca@gmail.com
Paul Kovalchuk,TeamLead,jxmonhfklzbgptcsiyurevqdwa@ukr.net
Olha Kovalchuk,PM,dkgsyabjzntomfqvwixhurpelc@ukr.net
Kate Shevchenko,PM,edsjzbcfvgythqmnpikxraluwo@i.ua
Denis Bondar,PM,cxzulkrmvnsjaybghtodfpqwie@i.ua
Paul Mahno,TeamLead,koqanrweguszdivtjcmbxlfhpy@i.ua
Denis Kovalchuk,PM,jhiqpovsnarlgwuzxybektfdmc@ukr.net
Denis Bondar,Developer,sxwdcflhbzygqtakuimeornpjv@i.ua
Paul Shevchenko,Developer,dzsihgfltbyejqkaoxvunrpcwm@ukr.net
Kate Mahno,TeamLead,xhyumdobsaztfrpwenkqgjvcil@i.ua
Denis Shevchenko,TeamLead,tejawlfqovsxginkmrbdphuzcy@gmail.com
Kate Shevchenko,Developer,ahmzcieqwnjfrydosxpkvulbgt@gmail.com
Kate Shevchenko,TechLead,axctvnhpyrzdbkfmgjwosuqiel@gmail.com
Denis Shevchenko,Developer,xwldsiprjnqoehbvmfzktuacgy@ukr.net
Kate Kovalchuk,TeamLead,prcusnyodztfhgbxiaqjwvkelm@ukr.net
Olha Shevchenko,TeamLead,cjdgpwounqblhykxvfmisrzeta@ukr.net
Paul Shevchenko,TechLead,mqnkwcgyzjxoeutfdabhvilprs@ukr.net
Kate Kovalchuk,PM,hfbntdsumcvxrpkweygjqailzo@ukr.net
Paul Bondar,Developer,sqtmuxgnbjwpokafiyzecvldrh@i.ua
Denis Kovalchuk,TeamLead,zybkruhmsextvifdgcoapnjlqw@i.ua
Paul Bondar,PM,wfvnmthyrzgcqojixbdeuklasp@ukr.net
Denis Mahno,TeamLead,nsmtycwrxbvhoekjdilqafzupg@gmail.com
Olha Shevchenko,Developer,livfucebqhawdtznkgxorsjpym@ukr.net
Olha Kovalchuk,TeamLead,xiywpvgdureqckolfbsthjzman@ukr.net
Kate Kovalchuk,TeamLead,mrtxodpnayufcbzsvlwqhjkgei@ukr.net
Paul Mahno,Developer,osjmkcqubnrwavflgxhizdtepy@gmail.com
Olha Bondar,Developer,sqlerjphtuovdwbxzkmycgfnai@i.ua
Kate Bondar,Developer,uocenhrkvmqswpagxbjdfiyzlt@ukr.net
Paul Mahno,TechLead,oyslvwirmnzkdahfcpqjtbexgu@i.ua
Paul Kovalchuk,TechLead,vwultnsjgcimrapkfqyzdhxobe@i.ua
Kate Mahno,PM,yzlmkjqdigrvasbefwunpothxc@i.ua
Denis Mahno,PM,yqdrlxhevstkcbmponauifzjgw@ukr.net
Denis Mahno,PM,htmkalepofzsvudnwiyqxcjbgr@gmail.com
Paul Shevchenko,PM,koazhdwfyvlnxstbujmgrecpqi@gmail.com
Denis Bondar,PM,uglysfwpvdzkirjbtochanemqx@i.ua
Olha Shevchenko,PM,ofjclizbpnrgmsetkywqavudhx@i.ua
Denis Shevchenko,TechLead,krmeatofgsjviucwdqnxhyplbz@gmail.com
Olha Shevchenko,TeamLead,plfsugrdxzntabhwmkcviyejqo@gmail.com
Kate Mahno,Developer,sdepufjqhtzcawgvnbxoliyrkm@i.ua
Kate Shevchenko,Developer,gwtouzdxybkmsnvhriqjfcealp@gmail.com
Paul Kovalchuk,TechLead,ahcxgzoinmkvbuersdpyfljtqw@ukr.net
Paul Bondar,PM,sqaouhpbkrxlzevdgfyjncwmit@ukr.net
Olha Bondar,TechLead,lwudygftvjbrnsacpezmikqxoh@i.ua
Olha Shevchenko,Developer,qgzhfbmeuvcitwkanorjspydlx@gmail.com
Olha Kovalchuk,Developer,jaercbdwnkpxzhsyogivlmfqut@i.ua
Olha Mahno,Developer,wkjurznpbtfvcsxyaelmigodqh@gmail.com
Olha Kovalchuk,Developer,jbmoqfckerslitwpgadnvxyhuz@i.ua
Denis Shevchenko,TechLead,qtekohfwpgncbirudxvmlysjza@gmail.com
Denis Mahno,TeamLead,zryvisjkhtofpwacnquldebmxg@ukr.net
Paul Bondar,Developer,wbfksmvilojtpnyxrcdezhqagu@ukr.net
Olha Bondar,Developer,gxbcalhwvptimykrjfdqzsuone@gmail.com
Denis Mahno,TeamLead,hsekrtaiwqfgpyuomdzvxljbcn@gmail.com
Olha Bondar,Developer,khqecvowiuflxybrdnsgpatmjz@i.ua
Kate Bondar,TeamLead,jdfbwgzqtnuicohkrseyalpmxv@gmail.com
Denis Shevchenko,TechLead,mtgcernjsxifkwuoqvphzdlaby@gmail.com
Paul Bondar,PM,rybngskmxzahwljufoqevcdipt@i.ua
Paul Bondar,PM,rwdlmybuceszohtxkpjgniqafv@i.ua
Olha Kovalchuk,TeamLead,plugdjravxhysmiecnokbzqtfw@ukr.net
Olha Mahno,PM,pdbknjezuqvwahcltogsrxyfim@gmail.com
Paul Kovalchuk,TechLead,pbgunvamyhjriwldtqzfeskxoc@ukr.net
Paul Shevchenko,TechLead,gkiheztwuflnsvqbrpaxdocjym@i.ua
Paul Shevchenko,PM,gutqrhielmxyksbwofzjcdanpv@ukr.net
Paul Shevchenko,PM,tmhwcsngxpqvulifkrayzjdoeb@ukr.net
Olha Shevchenko,Developer,atkcrdqiwxmjfshbgyeuonpzlv@gmail.com
Kate Shevchenko,PM,avglhqxiwfrnkbyjdmztsoceup@ukr.net
Denis Kovalchuk,PM,dahrmkfvgjqleysbwutpconixz@gmail.com
Paul Shevchenko,PM,prkwxjmsbgdqlyuefncaovziht@i.ua
Olha Kovalchuk,PM,gdktheipflvuwznbacjxyroqsm@i.ua
Paul Kovalchuk,PM,xjodmlnbkietwvuqhprfagyczs@i.ua
Denis Shevchenko,PM,cpuhyizgaqlentsjmodfrxbvkw@i.ua
Olha Shevchenko,Developer,ozgiselnavkjpxtqyhrfcwdbmu@i.ua
Paul Shevchenko,PM,fbwyasqhlzcgpteijodxnruvkm@gmail.com
Kate Kovalchuk,PM,epdlicjbmxsfwvrogauznqthky@i.ua
Paul Shevchenko,Developer,nzxbrqmikgstyvloapecjhfduw@gmail.com
Denis Kovalchuk,TechLead,tlqskrunypidocvjzgmewfbhxa@i.ua
Olha Bondar,Developer,agmnsbzpqtcvrjdxwohifelyuk@gmail.com
Olha Kovalchuk,Developer,bncwxzslidotmhvjfrkgeyqupa@ukr.net
Olha Mahno,Developer,fyjxtkcplehwzndimvgusbraqo@gmail.com
Olha Kovalchuk,TeamLead,audbycfzvthkmgpqsjnrolxeiw@gmail.com
Kate Kovalchuk,Developer,zjiugbwsoayctfhkdvmpqnxler@ukr.net
Paul Mahno,TeamLead,ktjblfuhcigozwxrndvasyeqmp@gmail.com
Paul Bondar,TeamLead,spfdniubojzxkwyrvceghlaqmt@i.ua
Denis Bondar,TechLead,andflrwvxjboeycsztgquhimkp@ukr.net
Kate Mahno,Developer,tqvojefpacbwxhzndgkiulrmys@ukr.net
Denis Mahno,TechLead,qupiwmnszjbhayckvgdxtlerfo@i.ua
Olha Kovalchuk,TeamLead,zbtglpwohnrkqjaimsvcudxeyf@i.ua
Paul Mahno,TechLead,jsfgknlruwqayxzhbtcievpmod@i.ua
Olha Shevchenko,TechLead,elhtqrbugwdpoxkiymsafnczjv@gmail.com
Paul Bondar,TeamLead,boevawfxckuzigmrdhtjspnylq@gmail.com
Paul Mahno,TeamLead,pcgrlsvxjuewaqdoyfnthkbzmi@ukr.net
Olha Mahno,TechLead,pfvyznrbtkowmiqlcgsuexajdh@i.ua
Olha Mahno,TechLead,joatzkmilpnycxhwgdrbufqsev@ukr.net
Paul Bondar,PM,wukbsqdvglraxzjpyncemhtfoi@ukr.net
Denis Mahno,TeamLead,fqzruypxsenmdijwltockhavgb@i.ua
Kate Bondar,TeamLead,sntzhmakfbjuvxpowrcidyeqgl@ukr.net
Olha Kovalchuk,TechLead,erzsfhldcvipugwxnbkjayoqmt@gmail.com
Kate Kovalchuk,Developer,yjwzkusxadvmrplotbicnfgqhe@i.ua
Paul Shevchenko,TeamLead,wrtfgyckihlsmeqaudonbvjpxz@ukr.net
Denis Kovalchuk,TeamLead,igmzctldaqwnvfurjypobksxeh@gmail.com
Denis Bondar,TeamLead,rxtineaqzpmckwflsdgyojhuvb@gmail.com
Paul Bondar,TeamLead,gmeluopqivrchtdyanwjxfskzb@ukr.net
Paul Bondar,Developer,vpikbhgcdfzyoaetmqxnjusrwl@ukr.net
Denis Bondar,TeamLead,eakmbxtnzhgduscjwvolyqprfi@i.ua
Olha Mahno,Developer,zkfbohqvglnjwxdyupiamtcsre@gmail.com
Denis Kovalchuk,Developer,luqswboynmdegitzavxrjhpcfk@gmail.com
Denis Shevchenko,PM,iosglarntjqwpzfvuxhcbemykd@ukr.net
Olha Kovalchuk,PM,cxqakfzmwugeslhvoinrbyptjd@i.ua
Denis Mahno,TechLead,lnytipdcfeqvbukrjzhwomxasg@ukr.net
Kate Bondar,Developer,qjypmlzkiectdravsofhwgnbxu@gmail.com
Kate Mahno,PM,ejvqfdkmucswaizrgotynxlbhp@i.ua
Paul Mahno,TechLead,vnbyxguwpfhilqmzsdkjtecoar@gmail.com
Denis Shevchenko,Developer,wspzuhtyegrabinkjxdcmfovlq@i.ua
Kate Bondar,PM,wrpfjcdtiyqhmnsklgzvoxueab@gmail.com
Olha Kovalchuk,Developer,celhqaspudtnvjwmyrxkizobgf@i.ua
Olha Shevchenko,Developer,smglwnoqxjhbkydifpatvuzrec@gmail.com
Olha Kovalchuk,Developer,caeyvlqrumxiogpkstbdfwhznj@ukr.net
Olha Mahno,TechLead,wvelunofribmhkapyjgdqsxtzc@ukr.net
Kate Shevchenko,TechLead,eilumjavhcbtgodnqxkprwyzfs@i.ua
Denis Mahno,PM,dxusqrcynfwbkojahgietpvmzl@i.ua
Paul Kovalchuk,PM,fhgemkctuqojywiavxzrdbnlsp@gmail.com
Kate Shevchenko,TeamLead,qhvcrztfleokdyminusjwapbxg@ukr.net
Paul Shevchenko,TechLead,calmriqdsgfkjbxzouwphnytve@i.ua
Paul Kovalchuk,TeamLead,iksybnfrxochmzleuawgvjtdqp@i.ua
Olha Bondar,Developer,wcyeiobjrdtkfgmzhvlxsnuaqp@ukr.net
Olha Kovalchuk,TeamLead,efypuqlowgskbcviajdrmzxhnt@gmail.com
Paul Bondar,PM,wndmtrlivsqzeoxfkyuhbpjgac@ukr.net
Olha Bondar,TeamLead,ylvfwrhnskumtdaeqcxopgzbij@i.ua
Denis Shevchenko,PM,xeliqujyhbdckawpvzgrnftmso@i.ua
Olha Bondar,TechLead,mlktuafedzhojgvipxnwrsbqcy@ukr.net
Olha Bondar,TeamLead,mgfrsyvakdeznpcqhilbxwtouj@ukr.net
Denis Mahno,PM,lijfkurgtebsmyzpdqxownahcv@gmail.com
Kate Shevchenko,PM,pscuwvthairejloxqkbnzygdmf@i.ua
Denis Kovalchuk,TeamLead,gpqkijtndemwubzcfarlshyvxo@ukr.net
Denis Bondar,TeamLead,hmnqdecpfaibyuvkzojxgtwlrs@i.ua
Paul Bondar,TeamLead,weakcmbyutlporfnqsjghidxzv@i.ua
Kate Kovalchuk,TechLead,jkavmdsxhiqrlpztcfnbuegwyo@gmail.com
Paul Mahno,TechLead,jfaeqpgrtdhwunybcklsmziovx@i.ua
Kate Bondar,TechLead,pligncuzahqkostdfexyjrvbmw@gmail.com
Kate Kovalchuk,TeamLead,umxjvwoilkgqfscdrbtnhaepzy@i.ua
Olha Kovalchuk,Developer,atpjercifxbvyguhmoszwnkqdl@i.ua
Denis Shevchenko,Developer,ngcaozveuipmbfhjksrltdqywx@ukr.net
Olha Shevchenko,TeamLead,jdvzafxctelpnsbhiurymokgqw@i.ua
Kate Shevchenko,PM,ewutibrodyfjqapmlkczxgsvhn@gmail.com
Olha Mahno,PM,vkfrubzlepnmygjawidcsoxqht@gmail.com
Paul Shevchenko,PM,zjnygxclvtiupokmdewafbhrqs@gmail.com
Kate Kovalchuk,Developer,bgctfpjvqlwyzksiuodrnemahx@gmail.com
Paul Mahno,TechLead,flktbeqszydrwgaiucjohmpxnv@gmail.com
Paul Bondar,Developer,gfwvhceqkulmdbjrxatnopiysz@ukr.net
Paul Mahno,PM,wvbmoadgfcjurytplkxisqeznh@i.ua
Paul Kovalchuk,Developer,mfaztgnukiroepxhslqvdwbjyc@i.ua
Olha Kovalchuk,TeamLead,xasodjiqztyrwmcvplufnkbehg@ukr.net
Denis Kovalchuk,Developer,ujhleqpgkbiztycsfarnvmdwxo@gmail.com
Olha Kovalchuk,PM,gabdwtfjslkqmvxuociyezphrn@i.ua
Denis Shevchenko,PM,lcaxbdtnwmzyegufrvpjisohkq@gmail.com
Denis Kovalchuk,PM,ojhrdvsguxiktbywacpzenfmlq@ukr.net
Olha Kovalchuk,Developer,rmjygvxisaehzndpqcoubwfltk@i.ua
Olha Kovalchuk,TeamLead,rxuiqacodjpzhgwtyfsvmnklbe@gmail.com
Olha Mahno,TeamLead,bjlzmfvnpcigukheqyxarwotsd@gmail.com
Paul Bondar,Developer,isbapkhmtejxodvlfnrzwqgycu@ukr.net
Denis Bondar,TechLead,nmlcoprqykwtvegfjzibxsahdu@gmail.com
Denis Mahno,PM,obeufgvtnrclzqsidpkwjymhax@i.ua
Paul Bondar,TechLead,wbiuopgjsmldynxafhktezcqvr@ukr.net
Olha Bondar,TeamLead,fswvotxkecuzlryhpdiqngabmj@gmail.com
Olha Mahno,TeamLead,uradxecfyjhqzontlpsmbwvkig@gmail.com
Kate Kovalchuk,PM,eyqhkgvfmosucdwbzxlipjatrn@gmail.com
Kate Shevchenko,PM,yndkgqcotezuvsarfplhjwibxm@i.ua
Kate Bondar,TechLead,fhbsjnuidzmwaltvxekqpcrogy@gmail.com
Denis Mahno,Developer,yjrwixpdgvmstonbekhqczfual@i.ua
Paul Kovalchuk,PM,aylbhwvcmqjgdksozpeintfxru@ukr.net
Olha Mahno,TeamLead,ngjrypxqthceubkvlodswizamf@gmail.com
Denis Mahno,Developer,txyerghvsinofucpmlqbjwakdz@i.ua
Kate Kovalchuk,Developer,prfeqoyvuctnxblhzwjikasmdg@gmail.com
Denis Bondar,PM,cazidmrpltvqhuenobfksjxygw@ukr.net
Paul Kovalchuk,TeamLead,qrlmiywgufbavzhpeosdkxjctn@ukr.net
Paul Kovalchuk,TeamLead,clhsirjywufkxnpvzeambgtqod@i.ua
Kate Bondar,PM,yrhgfodiwlmxtevbzckpsaunqj@gmail.com
Olha Shevchenko,TechLead,sdrehfmqvcptiangwzbklyoxuj@gmail.com
Olha Shevchenko,TeamLead,spvjortbimdyuzcfwkxqagnleh@gmail.com
Paul Mahno,TeamLead,dkgeznxfhcoisljmwtqvpryuba@i.ua
Paul Bondar,TechLead,sbywzqovjahktrflunempgxcid@gmail.com
Olha Shevchenko,Developer,isghjaoqnrlzdumtxfvbpwcyek@i.ua
Paul Bondar,PM,wpognrifyxtlcbvhmkaduqsjez@i.ua
Olha Bondar,TechLead,oqlmxcntgvzwejsuyhrdkpbafi@i.ua
Paul Mahno,TechLead,xobwdpkmshqlzguvfnrcaeyijt@gmail.com
Denis Mahno,Developer,jbmsnpvqdezuaifhorwckytlxg@i.ua
Kate Bondar,PM,zhmakdifjbtwnryolcvpxqgseu@i.ua
Kate Shevchenko,PM,hxswmgaifcnotpzkqdlerjubyv@ukr.net
Kate Shevchenko,Developer,dwvgcqunyrbxefhizstmpjokla@ukr.net
Kate Shevchenko,Developer,hxdugcqmzernowsibjvfkytapl@i.ua
Olha Shevchenko,TechLead,trchpzgdlijxbvyumnqoawfeks@i.ua
Kate Mahno,TechLead,yensaqrcgfhvwuijtzkobxdplm@gmail.com
Kate Shevchenko,PM,rngzjcxfauhmoypqibekwdsvlt@gmail.com
Olha Mahno,PM,fihrxvoadycnljkwmtepgqbsuz@ukr.net
Paul Bondar,TechLead,khfbgmacweqryoudpxlisvjntz@ukr.net
Olha Mahno,PM,joeapbcumxynizsqvrdgtfwlhk@ukr.net
Kate Kovalchuk,TechLead,cqfvdigyjawpskohbxlunzemrt@ukr.net
Kate Kovalchuk,TechLead,njkawubmgszdvctipxelofryhq@ukr.net
Kate Kovalchuk,TeamLead,dpvlbwoyrfhkjsmeqngxzauict@gmail.com
Denis Shevchenko,TeamLead,tnqcayekwpfojsmdbxlzrvihgu@i.ua
Kate Shevchenko,PM,fhcbsvpizmrodgewqxutljnkya@ukr.net
Denis Kovalchuk,TeamLead,thbmgknyowierdlpxascjuvfqz@gmail.com
Olha Bondar,PM,yivwlmqjahdfknpoetscxgubzr@i.ua
Denis Kovalchuk,PM,tcumydanebosghpkijfzqlxrwv@gmail.com
Denis Mahno,Developer,hjbzuvtkxygsompernwaflcqid@i.ua
Kate Kovalchuk,PM,wigsndbcurlktzoaxqejvhpmfy@i.ua
Paul Kovalchuk,PM,blfzaxyvnpqiscetkjduwomhrg@i.ua
Olha Bondar,Developer,fpnosqejvxbwtydzgkclaiurhm@i.ua
Kate Mahno,TeamLead,wzogtinpvrqscukmabxylejfhd@gmail.com
Paul Bondar,TeamLead,goimawcnlrtxypvedkhzfsjqbu@gmail.com
Olha Kovalchuk,TeamLead,nypikwxughrlbfojmzqdvsecta@ukr.net
Olha Mahno,PM,inesptmafjvqkwchbzdgoyrulx@ukr.net
Paul Mahno,Developer,lsyzbxgcuwpfhjqrndotmeakiv@i.ua
Denis Shevchenko,TeamLead,vbwgxocznmsqtidflyhauepjrk@gmail.com
Paul Kovalchuk,Developer,xwlyobkscmunrvgtaiehzqdfpj@ukr.net
Denis Shevchenko,Developer,zuanqvkxjsmiwopgtherdcfbly@gmail.com
Kate Kovalchuk,TeamLead,qhtrlpjngxdkuwomyecbzaisfv@i.ua
Denis Bondar,TechLead,mavjusnzdplrewxfogbtcqhyki@ukr.net
Kate Kovalchuk,PM,aojmsnizvrpqxbyewtkulcgdfh@i.ua
Paul Mahno,TechLead,znusqwbljmhatvxoekipdrfcgy@i.ua
Olha Bondar,TeamLead,pxmhtyodeknfrcgljiuzqsawbv@i.ua
Denis Bondar,TeamLead,qinbrkjfxgesvwdmylthupacoz@ukr.net
Paul Mahno,TeamLead,qekxzuratpjsibhwdyglmfvonc@gmail.com
Paul Mahno,PM,xdfpmyjeivngqczbultwhsakor@ukr.net
Olha Kovalchuk,TeamLead,tguoawexcijlkrdbynfvspmzqh@ukr.net
Paul Mahno,TechLead,vlkhpneciotfsjmywqzxragudb@gmail.com
Olha Bondar,Developer,mlpctogkhujieyrbfdnwaxzsqv@ukr.net
Kate Kovalchuk,Developer,rhnujaxbldmscyvwzqgekiftop@ukr.net
Denis Kovalchuk,PM,crdsogkjbpyuqixmnhlzafewtv@ukr.net
Denis Shevchenko,TeamLead,lmfaypetjvizsghdqnukxwbcor@i.ua
Denis Bondar,PM,rvwhyamtpqogjnlscdzbefkuxi@ukr.net
Paul Kovalchuk,Developer,culpghwinvyjfzxaksqebtmdor@i.ua
Kate Kovalchuk,Developer,keuvzqcglxtyanpwmifdsrhboj@gmail.com
Kate Shevchenko,TeamLead,qncubxfjraklphesgyotmdwvzi@i.ua
Olha Mahno,Developer,lwedzrsoaimpybhjfgvkcqutnx@ukr.net
Paul Kovalchuk,PM,kfzrjowgnupilhqmvxtbedsyac@i.ua
Olha Kovalchuk,TeamLead,oqavwhmgduxnetryzpsfbicljk@i.ua
Kate Kovalchuk,TeamLead,lpnteymvbfkhwragsdoqxuczij@ukr.net
Paul Mahno,TechLead,ziyhmatqjrxwbscunoeflgdpvk@gmail.com
Olha Kovalchuk,PM,ksihvzqgyrdutnpomwflbxecaj@i.ua
Olha Mahno,TeamLead,pbveoyzkctwuxsjagrnqdmfhli@i.ua
Olha Bondar,TeamLead,unisvbkwdtgleajqrxcmypfohz@ukr.net
Paul Shevchenko,PM,ngpmerkqluvycjdisxhbwftoza@ukr.net
Kate Bondar,PM,bujfmderqzypihwsxolgkvcant@ukr.net
Kate Kovalchuk,PM,gqyvlkizpsfdhraetbxumowcjn@ukr.net
Olha Shevchenko,PM,lsuipbtrywhgzdkxcfveqjaonm@ukr.net
Kate Shevchenko,PM,hifsalmjcyuzqkxdbgpenovwrt@gmail.com
Kate Bondar,Developer,xskjwezmvafidpolrucghnqybt@gmail.com
Paul Bondar,PM,qhydejubpostvlinkxawmrzfgc@gmail.com
Kate Mahno,TechLead,muxvjbhkdirygwseatnfoplzcq@ukr.net
Kate Kovalchuk,TeamLead,rwismgpyezcuqdltvnkhbaxfjo@ukr.net
Paul Mahno,TeamLead,yzqmplrdwtfxvihgukjasoecnb@ukr.net
Olha Kovalchuk,TeamLead,vabqtuywcfopxgrjszidnmlkhe@gmail.com
Denis Bondar,TeamLead,knixgqzomrdphyslujbtefvcaw@gmail.com
Denis Shevchenko,TeamLead,snglvpjmbtqrfcaudxewhiykzo@gmail.com
Denis Shevchenko,TeamLead,cbkyjtiaswrxuqghlpezmvfdon@ukr.net
Paul Kovalchuk,TeamLead,mlcgvpdyejaibuqntzfhksrxwo@ukr.net
Olha Shevchenko,PM,gwdjblmyuakchvrxnotefipqzs@i.ua
Paul Kovalchuk,TechLead,eaxplhfzqbjyguwmcstnrokvdi@i.ua
Olha Bondar,TechLead,tghqracmyojbpuxewnkdzfsilv@gmail.com
Denis Shevchenko,PM,yrazknithjdlpbsexcmvfguwoq@gmail.com
Kate Shevchenko,PM,ljbuxwmocdvpqftyagizskhern@i.ua
Olha Kovalchuk,TechLead,txwberhsjnyduoqzkigcmvflap@ukr.net
Denis Mahno,TechLead,hubcfjqpvaxkselgzomindrytw@ukr.net
Kate Bondar,TechLead,ytlenrqpoubzfjmvdghcxkasiw@i.ua
Denis Mahno,TechLead,iuhzsjcgtfbpkrdqxaymelnovw@i.ua
Olha Kovalchuk,TeamLead,qnmlpxdykovwchtrjsfgauibez@gmail.com
Olha Mahno,TeamLead,gimuhcwbzkpdjfyvntqrexlsao@ukr.net
Paul Shevchenko,PM,vbrokgzleydwaspcxiqtjmfnhu@gmail.com
Kate Bondar,Developer,yzpqhsawfvrjnumgcobelidtxk@gmail.com
Olha Kovalchuk,TechLead,vgpndufacjiyozkbseqtxlwmrh@gmail.com
Denis Mahno,TeamLead,uhdpwxclayfqrgzinoevtbsmkj@ukr.net
Paul Bondar,PM,dsakpxjwuhyqnvbcztgoiflrem@ukr.net
Denis Shevchenko,TechLead,uksbfzqcevaxrnlhopdiygmtjw@i.ua
Paul Shevchenko,PM,tnkibvglsxozeyfpadujqwrmhc@ukr.net
Kate Bondar,TechLead,koipwutjengabszvqhlfyxcrdm@ukr.net
Olha Bondar,PM,iyzoljdtpecxuarkwfgsmnqvhb@i.ua
Kate Mahno,TeamLead,jndkqvlupygmtheofsaxrcizbw@ukr.net
Denis Mahno,PM,izcxeuthflsmrbgwovdqyanjkp@i.ua
Kate Kovalchuk,Developer,qpilrcbjzkouhgvntxmdeawyfs@gmail.com
Kate Shevchenko,TeamLead,xunqpewdbmsvlayijcghkzfort@i.ua
Denis Shevchenko,Developer,rtqsmxnowdajibuhkfyegpvlcz@i.ua
Denis Shevchenko,Developer,ivfxhmcwyzeropjbngsldtaqku@ukr.net
Olha Shevchenko,PM,jelvxipcutywkbzqfgmnhdaosr@gmail.com
Paul Bondar,TechLead,yadqlpoirvxtjuzecgwksnhbmf@gmail.com
Olha Kovalchuk,Developer,kxypjauzoelswicmnfhrbqdtvg@ukr.net
Olha Mahno,TechLead,ugkihlfscyrwqnjveopbazxtmd@gmail.com
Paul Mahno,Developer,lxbwczotsipnaumqvykrhfjgde@ukr.net
Kate Bondar,TeamLead,hjiwtdcympzokalfqgsevrxnub@i.ua
Olha Mahno,Developer,dlvjnhbrexmtowsfuyqazckigp@gmail.com
Paul Kovalchuk,TechLead,dyjgxlewqvrcfmhbakiutnzops@gmail.com
Kate Shevchenko,TeamLead,whclndjzoyepxiumqrsakvftbg@ukr.net
Paul Mahno,PM,zwxefyocgqlinsbtmrjhduvpak@i.ua
Kate Bondar,PM,hriqxgbolkjsctmfdzenvywapu@i.ua
Paul Shevchenko,PM,yioqelhsrbgdwnajvptmxzfuck@ukr.net
Denis Bondar,PM,oycfuxndjwpqlsrmezbgvakthi@ukr.net
Kate Kovalchuk,Developer,dukchjpytqanmxewgvizrlbfso@i.ua
Olha Bondar,Developer,jzylhfgvairtembuxwpckqdsno@i.ua
Denis Bondar,PM,apxuwoqfzhmdjngkervslitbcy@ukr.net
Paul Mahno,PM,uepgozrxsqhtlacvmkiwyfbndj@i.ua
Olha Mahno,TechLead,vjcorlqmxwgptsudbyhzkifane@gmail.com
Kate Mahno,TeamLead,uielpthadzvoyqxmjgnrwbfsck@ukr.net
Olha Mahno,PM,ufytjolspgmhedcxwzaqvrbink@ukr.net
Olha Kovalchuk,TeamLead,dmxycsiawvzftrokljqnhebpug@ukr.net
Kate Shevchenko,TechLead,jtyhsmvcildzpbexnaofukwgrq@i.ua
Paul Kovalchuk,TeamLead,vfrhxtzeaqijywglmbcspnoukd@gmail.com
Paul Mahno,PM,uopbsgklawnemvtcixzrdjhqfy@ukr.net
Denis Kovalchuk,TeamLead,whdajrmfztnpucqbevxikoygls@i.ua
Denis Mahno,TechLead,zaobnrkxupcyeflqshjgdwmvti@ukr.net
Paul Kovalchuk,TeamLead,sajctlewvmxkpbozuhdqnfiygr@ukr.net
Kate Bondar,TechLead,tgifyvqnmruecdjsxakbzhwplo@gmail.com
Kate Mahno,TeamLead,foehxgsqbtcwnmuzkaipvrdjyl@ukr.net
Denis Kovalchuk,Developer,lhopfgwviqruzjnkdaebcxymts@ukr.net
Paul Shevchenko,Developer,wzodrkjstqgxyvnuhelpcbaifm@i.ua
Kate Kovalchuk,PM,eshxzwjtcyavimkqnfpgudrbol@i.ua
Paul Kovalchuk,TechLead,ndlcmavikserzbytogfhwupjxq@gmail.com
Kate Shevchenko,TeamLead,wurjehfntqczmpxdbokalgvsyi@ukr.net
Paul Kovalchuk,PM,vlsbmiyoeczkhnqgxptwdjaurf@gmail.com
Olha Kovalchuk,TeamLead,xgnaezwymhipcqvtbfkdjuoslr@gmail.com
Paul Kovalchuk,TechLead,mqekldnsbixcjutafzhgpvwory@gmail.com
Olha Mahno,PM,qbpgchxoiesmwfauvrdtjyknzl@ukr.net
Denis Mahno,PM,rysltkpcbevuxqhfnjogzmaidw@gmail.com
Denis Bondar,Developer,kvnzibrpaygomhtefsudcjxlwq@i.ua
Denis Mahno,TeamLead,zshonmuicjletvwgadkbxfpqry@gmail.com
Olha Bondar,Developer,jrweyxfmuipoznlgqbdakhscvt@ukr.net
Paul Bondar,TechLead,tulzimdeokhyxngwpavqrbfscj@gmail.com
Kate Shevchenko,TechLead,vygmwtszqcorukhfbjpxadinel@ukr.net
Kate Mahno,Developer,gbyclvsuqkjiahptrxmefowdzn@i.ua
Kate Kovalchuk,TeamLead,nfyerwzkbsvmxdhilpqugjtoca@ukr.net
Denis Mahno,Developer,xamgjtrosnhufyzlvekbpqdiwc@i.ua
Paul Kovalchuk,PM,pstgwjnrvbcdolfqxkzuymeiha@i.ua
Denis Shevchenko,Developer,kctmduhqnoeriaxyzlsvjbgfpw@i.ua
Denis Mahno,TeamLead,ysxfdphtqloibgrcnjkazuvmwe@i.ua
Kate Bondar,TeamLead,cfrsyvpnmltbgqxdokuejziwah@i.ua
Olha Mahno,TeamLead,aznciwdrfxuljtmeshogbpqykv@i.ua
Denis Shevchenko,Developer,mzojylgdenwxrpatucsfvkihqb@i.ua
Paul Kovalchuk,TeamLead,lxpdcqiyarntvkewmufogsbhjz@i.ua
Denis Kovalchuk,TechLead,qvrxngjiuzpckmswoaltehfbyd@ukr.net
Denis Kovalchuk,TechLead,tzkrjxsnealbmuqgwfdcpyhvoi@gmail.com
Denis Shevchenko,TeamLead,mflsqwhgbkcaonrzityxpedvju@ukr.net
Paul Bondar,PM,fcediapwtlqxorhjvubykgznms@i.ua
Paul Shevchenko,PM,gbcfxuezqwmjtpkrnsvyhladoi@i.ua
Denis Kovalchuk,TechLead,kduyncpilvzfqbeawoshxtmrgj@gmail.com
Kate Shevchenko,Developer,urkdpjiambsclvywhfxztngeqo@gmail.com
Paul Kovalchuk,PM,mbcdpinhfvalurqzyexoswktgj@i.ua
Olha Mahno,Developer,ewuvpjdbkzfqicrghonmsxtlay@gmail.com
Paul Bondar,Developer,kumcxfvgqerhdaozwsbntylijp@ukr.net
Kate Shevchenko,PM,jgxmnotrwbyzlqsvkhfaeiudpc@gmail.com
Kate Kovalchuk,Developer,gioytnhrbfpqkedzjwvuxacmsl@gmail.com
Olha Bondar,TechLead,jgthmbplfuzvaekqcsrxnyidwo@ukr.net
Kate Kovalchuk,Developer,wjykpshradvnobcxlzqfumtgei@i.ua
Olha Kovalchuk,PM,teiumqgvfhszrbkpdxowancyjl@ukr.net
Olha Shevchenko,TeamLead,dvhwfepoibrxzmjgyucktalqns@i.ua
Paul Kovalchuk,Developer,hoqklbaigmprxjsezfwyncutvd@i.ua
Denis Bondar,TeamLead,miqdknftjbeuplvoysgahrcwzx@ukr.net
Denis Mahno,TechLead,hroixwfzknpvjalmubesdcytqg@ukr.net
Kate Shevchenko,PM,lrbahkomecxpdqtuznfsvjyigw@ukr.net
Paul Mahno,TechLead,xyhbtimsjaklqpdrocuwfgznev@i.ua
Olha Shevchenko,TeamLead,wotbyhgkxfvqeaniurpsljmczd@ukr.net
Denis Shevchenko,Developer,bwhptzgsmrixcenuvkqyfjdloa@ukr.net
Paul Shevchenko,TechLead,ewqgmifzurlnabpxkjstvhcdyo@ukr.net
Denis Bondar,TeamLead,ohsgdmwjivefktquarpbcxnlzy@gmail.com
Denis Mahno,TechLead,yexcspwkamufrobgnthdjiqvlz@i.ua
Denis Kovalchuk,TeamLead,suzevncbxkqmroplafytidwhgj@i.ua
Olha Mahno,PM,dityfvxkblszajogcurqnhpewm@gmail.com
Paul Mahno,TeamLead,nwvzxedcprjqaishgofbymkltu@gmail.com
Kate Mahno,PM,qwtkauzmyfeogrjhbivxscpnld@gmail.com
Olha Shevchenko,TechLead,ulvdphbtekycwaxmjfnrqzigso@gmail.com
Paul Shevchenko,TechLead,ymdjzxcvhiqbwglfokuenrapts@ukr.net
Kate Kovalchuk,PM,ivupjnagxlktomsywbzhdcfreq@i.ua
Olha Bondar,TechLead,setlaknqomxzhrfyujvgcbpwdi@ukr.net
Olha Bondar,TeamLead,aucyjhrknztpgovembdxwqfsil@gmail.com
Kate Shevchenko,TeamLead,xnvofbhzlijasqmedwtgupryck@gmail.com
Denis Mahno,PM,ayxhqlwrsgevmofdtukijznbcp@gmail.com
Olha Bondar,TechLead,zvxaymtqbeojuhgscrwdpflnik@ukr.net
Paul Kovalchuk,PM,evmbydrwcisoqkagzfujphtlxn@i.ua
Olha Kovalchuk,TeamLead,tfrujxilwakpmeqngbcyzvdosh@i.ua
Paul Mahno,TechLead,lnkiucmgjhabozwftyevsdxqrp@i.ua
Denis Kovalchuk,Developer,qoriwdcxbsapktmunyjehvzlfg@i.ua
Denis Bondar,PM,uevkmcbiazrnxfqhjwolystgpd@i.ua
Kate Mahno,Developer,rsmdtpeblhcnugxjwyiakzqfvo@i.ua
Kate Mahno,TeamLead,kiscwplqnujvmhxfaegytzordb@ukr.net
Denis Mahno,TeamLead,efcowbzqhipdmlrxnvkugajsyt@gmail.com
Paul Kovalchuk,TeamLead,kdlatuhwfcpjxqymigbvrosenz@ukr.net
Olha Kovalchuk,Developer,knzmsihbltgaoqwvyjpdxferuc@i.ua
Denis Shevchenko,TechLead,xgiysvhltwcfznrobaueqmpjdk@gmail.com
Olha Mahno,Developer,gxohjquiezknsrladwvbymfptc@gmail.com
Kate Shevchenko,TeamLead,jiflwgecmdnuzxbtsvhrapkyoq@ukr.net
Olha Mahno,TechLead,cabugspntixhrzklwyjevqmdfo@gmail.com
Paul Mahno,TechLead,fmuabyizdqnxphlwkorvgtsecj@ukr.net
Olha Mahno,TechLead,gditxpbskcjeuralhqyomwnzvf@gmail.com
Denis Bondar,PM,cbgjzuhpnosemxirlwktydvaqf@ukr.net
Denis Mahno,Developer,gatjkiymlezuwhnsfqodpxbrcv@gmail.com
Kate Kovalchuk,TeamLead,awghlypotfmezbuxvkdqicrjsn@ukr.net
Paul Shevchenko,TeamLead,rubaxnhqympzjtdfciwgosklev@ukr.net
Paul Kovalchuk,TechLead,dqejkclyganimzstuhbrvfopwx@gmail.com
Olha Kovalchuk,TeamLead,hbvxudprmgslzakftnieocjyqw@i.ua
Denis Kovalchuk,TeamLead,zojpnrxbhviafgqmkelwytsucd@i.ua
Kate Mahno,Developer,lgfijaoyerumwbhcxztpnvqdsk@i.ua
Kate Shevchenko,PM,pumqxwrltjfhdvokibneysczga@i.ua
Denis Kovalchuk,PM,mudzcpqowiylhansvexgbrftjk@i.ua
Kate Bondar,Developer,whbtqaejpznvfkmodluxgcysir@ukr.net
Kate Bondar,TeamLead,pvoycmzwqrlsunkfhbgetdjxai@gmail.com
Olha Shevchenko,TeamLead,szjqnxvfihalrytpbkewguodmc@ukr.net
Kate Bondar,TechLead,mxplqtwvfuicyroasdhejzkbng@i.ua
Kate Kovalchuk,TeamLead,hxztpigwnafvkcdyesjrolmqub@ukr.net
Kate Bondar,PM,bydvimzqaglpktwexnhscorfju@i.ua
Olha Shevchenko,PM,qvultjxhcmokibfwrdypsgeazn@ukr.net
Olha Mahno,TeamLead,ostpcjxifgbnkdulrwveaqzmyh@ukr.net
Denis Shevchenko,Developer,oimneyxvtspurbfhgqwdckzalj@ukr.net
Kate Mahno,TeamLead,erslwqcbmpuzhyjxovtndgfiak@gmail.com
Denis Bondar,TechLead,zoijsufnprvxywlgbetqhkmdca@ukr.net
Paul Shevchenko,TechLead,evxksfnzdpyoiatmqbujlwgrhc@i.ua
Olha Shevchenko,PM,unjgkdqralewohpciyvzxstfmb@ukr.net
Kate Bondar,Developer,hwyefnclxdvbsuagizkrjtompq@ukr.net
Denis Mahno,TechLead,sdjknwcgxepqfaioyvlzbutmrh@gmail.com
Paul Shevchenko,TeamLead,feyrlwdmkhibasuqjongxtcvpz@gmail.com
Olha Mahno,PM,emykdtaorqihlsfzxwjpgnvbcu@i.ua
Paul Kovalchuk,TechLead,yaonwudsfvqbhjgcmxkeitlzrp@gmail.com
Denis Bondar,TechLead,kuosencpaqmtvwrdzgbifjxhyl@i.ua
Olha Bondar,TechLead,urblvwhpjoefxnatqmykzicdgs@ukr.net
Denis Shevchenko,TeamLead,bumeikxwsjtocgpanvfdryhqzl@gmail.com
Paul Kovalchuk,Developer,zhaqdpuevrckiwmgybtsnlfxoj@gmail.com
Olha Shevchenko,PM,jqwcpmzhsgteuvakxdrblonify@gmail.com
Kate Bondar,PM,kfcaevoslyxgqrdbwphtmuzjin@gmail.com
Paul Bondar,TeamLead,ivrsdzughekljotapcqbymfxnw@gmail.com
Denis Shevchenko,PM,mnvdwjeicyxpfqholakurbstgz@ukr.net
Olha Shevchenko,PM,dxacvwnzgteyibksqofhrljmup@i.ua
Olha Shevchenko,PM,vyqjxnhpektimsozdlbcgwrufa@gmail.com
Paul Mahno,Developer,gvudlibyanqktprwoxehfszcjm@gmail.com
Paul Mahno,PM,ekqjhvrcfdngiuyaptwxomzlbs@ukr.net
Paul Shevchenko,TeamLead,snyfazgpblijohmcqvertxkduw@i.ua
Olha Mahno,PM,xhkjdryfipbusmgtoavncwlezq@ukr.net
Olha Shevchenko,Developer,qiktovujmgswaxfypzdnerhcbl@ukr.net
Paul Mahno,PM,btzlsadnoqekuwxvjfrcyimpgh@i.ua
Denis Shevchenko,Developer,yxamfkoqiwdjbelupgtrvczhns@gmail.com
Paul Mahno,TechLead,trafyunsvlbowcihdxempqzkjg@gmail.com
Paul Kovalchuk,Developer,bwtyuforhqaepmgxizncjkldsv@i.ua
Paul Bondar,Developer,fcmjiogvxedbutpwkayqnsrhzl@ukr.net
Denis Mahno,TechLead,ruxzfbticyahgjkedpvsqnmolw@gmail.com
Denis Shevchenko,TeamLead,shpwzmkrbljgcyfexovtiuqadn@ukr.net
Denis Shevchenko,TeamLead,mhsgakyftblzqvicxwprjundoe@ukr.net
Kate Mahno,TechLead,kmqtgehpwuscinlyxzfdboajvr@gmail.com
Paul Mahno,TechLead,gefvzxrmlbhksatjdcwuniypqo@gmail.com
Kate Mahno,PM,nbhzoqwumlctdyvpaekxrjgisf@ukr.net
Kate Mahno,PM,frxjpoycdniustalzmehwqvbkg@gmail.com
Olha Bondar,PM,fdolszhtymjqwracugpbenvkix@i.ua
Paul Bondar,Developer,fpvoxnshqcjwbyltazkudmrgie@ukr.net
Denis Shevchenko,PM,rkfzjtobxyulseaqndmwvgiphc@i.ua
Paul Shevchenko,TechLead,snutzkxodgflahevyjcmiqwbpr@gmail.com
Kate Bondar,Developer,fnspgkdxajiwtholmbuvcqrzye@gmail.com
Paul Kovalchuk,Developer,noahjcltfbwvpxsqrgzkuymdei@i.ua
Olha Mahno,Developer,pdlytbgcanxwzhifukmjevrosq@ukr.net
Olha Bondar,PM,gybvxldnfjmwupoqserkiztcah@i.ua
Paul Mahno,PM,xnwkqsaerhdzpftyoulbivmgjc@i.ua
Olha Shevchenko,TechLead,zpmhdxgerbtoyjkvsunlwcafiq@i.ua
Paul Kovalchuk,PM,bfekvzugylnmrshajcqtixwpod@ukr.net
Olha Mahno,TeamLead,rhpfqncuiseawvdlyztmgkjbox@ukr.net
Denis Kovalchuk,TeamLead,wzxprokmvaluycdisgbqnftjhe@i.ua
Kate Mahno,TeamLead,vgnxrsejhzamyqtoupfiwkbdlc@i.ua
Kate Shevchenko,TechLead,sngqtcybmjdiewlfhzopukavxr@gmail.com
Paul Bondar,TechLead,pfqdtymehscijlgnwouvbxrzak@gmail.com
Kate Mahno,TechLead,preunvjowygzlxtmsqkaihfcbd@ukr.net
Paul Bondar,TechLead,xzryknaehqgbojicmwvuftlspd@ukr.net
Paul Shevchenko,TechLead,pdknilbgwvorxszcyaemjuhqtf@i.ua
Paul Kovalchuk,TechLead,yoxngbrudcjkvmqtazhlwfpeis@ukr.net
Olha Bondar,TeamLead,qxdcnkajtgoehimzpufbvsylrw@gmail.com
Olha Bondar,Developer,friugklbjtpsxcehymzqnvwoda@ukr.net
Kate Kovalchuk,TechLead,hiqzrovdfbylskcpnwatjxegum@ukr.net
Denis Mahno,TeamLead,dkeafjoustbrpgxnwlqzhmvyci@gmail.com
Denis Shevchenko,Developer,uehfrankvicsbwqtlzdgyomxpj@i.ua
Paul Mahno,TeamLead,rslmcjagtybuqhiwpkzvnoxfed@ukr.net
Denis Shevchenko,PM,ilgmqpvusrthozwxnbdcyjkafe@i.ua
Paul Shevchenko,TeamLead,sazybwluvhfnridmkcjpxetqgo@i.ua
Paul Mahno,TeamLead,vkuylcdfoqmbgrxnwesaihjzpt@ukr.net
Olha Mahno,Developer,segvadmcnouxpfwtlkrqbzjhyi@i.ua
Paul Kovalchuk,TechLead,zugavykfcmnswhrtlxpdqobeji@gmail.com
Kate Mahno,Developer,hjonmefwktczyuvqdlsarbigxp@gmail.com
Olha Kovalchuk,Developer,uavirmcepqhfjnxboglzdyskwt@i.ua
Denis Kovalchuk,TechLead,byjsuovxtamhgreqiwnpfzlckd@ukr.net
Denis Bondar,TeamLead,umxbqleyhpvajdtwosrgckiznf@gmail.com
Olha Mahno,TechLead,vqchnjowampxzbgksydirlftue@ukr.net
Paul Mahno,PM,ocurpqyagizjskwdnxblfhvetm@ukr.net
Olha Bondar,TechLead,amwbyxktdghnfpvzuijelcqros@gmail.com
Denis Mahno,TechLead,bricqvhmwkezljpnfxgatsyodu@i.ua
Denis Bondar,TeamLead,cvqrltmxspdwaukhjybnfioegz@i.ua
Denis Kovalchuk,TeamLead,nkhayqtzlufdpcewsirgbxjomv@gmail.com
Olha Mahno,Developer,schjlkyzbtaoqfruvpmxwdngie@ukr.net
Olha Mahno,PM,ljmbpwtvyzkxrhianqsgoufcde@ukr.net
Kate Kovalchuk,Developer,uiltegbmakwyvpcxjsrhdfqzno@ukr.net
Kate Mahno,PM,dlxtfkqhwgjeinuvoczybmpasr@gmail.com
Olha Bondar,PM,kquvzalcowsdgrenbmphitjfxy@i.ua
Kate Shevchenko,TechLead,fpoqhdreawcjklvgznmbsiyxut@i.ua
Denis Mahno,Developer,wbhuvpdfcnktrozqimxglsyaje@i.ua
Denis Shevchenko,PM,davpjcuktgonyibfhmszlqrwxe@ukr.net
Kate Bondar,PM,zisxhcbnpvmlyufrwqoedtjgka@ukr.net
Denis Kovalchuk,PM,qobivjgplkaxdsfrwmetzcnuhy@gmail.com
Olha Kovalchuk,TeamLead,yufczjlbemvkxqishongprtwad@i.ua
Kate Kovalchuk,Developer,vzysnqeictwhkmuxbrldaogfpj@i.ua
Olha Bondar,Developer,aoqchbxnduwzrlifpkgmestjvy@i.ua
Kate Bondar,TechLead,abvoxgrqcpzjhisknmdtyfewul@ukr.net
Kate Mahno,PM,ngisdzmpywhvrxqejbtuockfla@gmail.com
Kate Mahno,Developer,epgudrwzfqvaxitsnybhmjolck@i.ua
Denis Bondar,PM,ljekgbowmytaxdinsfhqvcpzru@i.ua
Kate Mahno,PM,kmzsabjlgdhyxwcutinpoqvrfe@ukr.net
Paul Mahno,TeamLead,pvwqhekobfycgtraulmzijxdsn@ukr.net
Kate Bondar,TeamLead,bzdcxsyelfvrpiwnhoajktqumg@ukr.net
Olha Bondar,Developer,lcfpisoauthvekydbngqrmjwzx@i.ua
Olha Kovalchuk,Developer,tlbfzcohwaqirsjxgpmendvuky@gmail.com
Olha Kovalchuk,PM,odnjqyglphakuwsmxezrbtvfci@gmail.com
Denis Kovalchuk,TeamLead,topdwrkzubgfsavqeljxhmcyin@i.ua
Olha Kovalchuk,Developer,fahjlcuseritmopdgkwqbzxvyn@i.ua
Paul Bondar,PM,znaeomcjidvgsyhrpbuqtlwfkx@i.ua
Kate Kovalchuk,PM,yahwjbnlgzcfokvuxrsdtqpmie@gmail.com
Olha Kovalchuk,Developer,dkrjawgtecnquxilshbvmofzpy@gmail.com
Denis Mahno,Developer,wbktfyzospenuxqmavrjlchgdi@i.ua
Paul Mahno,PM,pnjftldheqcbzimrvgauykwoxs@gmail.com
Olha Kovalchuk,TechLead,gixohpsrkqwjmznyvdaucltefb@ukr.net
Olha Bondar,PM,pbtrimkejoslxdnuhgfycwvqza@i.ua
Paul Bondar,TeamLead,dgsxizcunfyejrkblahmwpoqtv@ukr.net
Paul Shevchenko,TeamLead,fwdaitzlhpycqvrgmnbkoexjus@i.ua
Olha Mahno,TeamLead,nsldmjbkovhxypruzwtafegicq@gmail.com
Denis Shevchenko,TeamLead,pcuogwymnezflrjvdtbqhskxai@ukr.net
Denis Shevchenko,Developer,xyozcfrnbeqsuvmljakghdwtpi@ukr.net
Paul Bondar,PM,vnhkougjqfstdzypermxaiclwb@i.ua
Kate Bondar,TechLead,afrkutyiocxebwjlhspnzgqdvm@i.ua
Paul Bondar,PM,vjwnhldbotckpxmsqgyiaurezf@ukr.net
Kate Bondar,TeamLead,hutlvpgrimcdznaqebkwoyxjfs@gmail.com
Olha Kovalchuk,TechLead,sfcaoxthplrenmyuwgvdkizjbq@ukr.net
Denis Shevchenko,PM,rahjqsdwkipgvfultzobmynexc@ukr.net
Denis Bondar,TeamLead,ibthzvfspgeqdloaycxunrjmkw@ukr.net
Kate Mahno,TeamLead,wtdknzquxygejvmcisfpobhrla@ukr.net
Olha Shevchenko,PM,snjphcqlyfubmvakwzxgdeitro@i.ua
Olha Mahno,TechLead,sqwhfpbxcljkteiozmnuvgaryd@gmail.com
Kate Bondar,Developer,ljepuhxnczsawkiqtydmforbvg@i.ua
Denis Shevchenko,PM,hcgbkjvdxmtzqufyiolnwserpa@ukr.net
Kate Mahno,TeamLead,alvmxgpqneykhwtsdrbcojifuz@gmail.com
Kate Bondar,PM,groscfanjdekluqthbvmpiwyzx@gmail.com
Denis Bondar,TeamLead,zmorspahfwyugdxecjkqtvibln@gmail.com
Kate Bondar,PM,ejhwuvkzqsgtdbxpmaorcfniyl@gmail.com
Olha Kovalchuk,Developer,pzvldkterhxcmwjsfuaoqbgyni@gmail.com
Kate Mahno,TeamLead,bazspexjchfiomugvktlyndqrw@gmail.com
Olha Shevchenko,TechLead,ebvgyrpdacsnkhojlmxzqfwtiu@i.ua
Denis Shevchenko,Developer,vwtycehjpszrnmikogbxdluqfa@gmail.com
Kate Shevchenko,TechLead,oipxrmastjqkhbzluygndwfvce@ukr.net
Denis Mahno,TeamLead,yqgbxnhmapefwrtzskdjlcivou@ukr.net
Denis Kovalchuk,PM,empzgvurqoilyndajkfxwbsthc@i.ua
Kate Shevchenko,TechLead,aguhfoixybrvwzqpcseknmljtd@gmail.com
Denis Shevchenko,Developer,bwrksjmlicxtgdnzfepvyauqho@ukr.net
Paul Bondar,TechLead,yqajzbvlwekupfsnrgoxcdithm@ukr.net
Denis Bondar,TechLead,qxvfniblgputdjkswryhzeaomc@ukr.net
Denis Shevchenko,PM,yxkoahszteimcfdwujrlgpvbqn@ukr.net
Kate Bondar,TeamLead,hbmydwzipqefgovnsrkcaluxjt@i.ua
Kate Mahno,Developer,dhctlvxbefiojagqsyrzpuwmnk@i.ua
Olha Bondar,Developer,glqtkvoxjrhuebiawpdnmczfys@gmail.com
Paul Bondar,TechLead,isronzylfhvbcpxmgujwdakqte@gmail.com
Kate Mahno,TeamLead,etimsfwyzcgavdpkurjnhxqblo@gmail.com
Paul Bondar,Developer,tcbplryxjdmksvewhaufqgnzoi@gmail.com
Denis Bondar,TeamLead,xkiwqfrtezjuhdynvbcmlpogas@i.ua
Kate Mahno,TechLead,ptmlueqnfosrazwcyhbgvkdjxi@ukr.net
Kate Kovalchuk,TeamLead,omlsfaubgpzkncxqervhjwtdyi@gmail.com
Kate Kovalchuk,TeamLead,rawgshypmkvtludicznoxbjqfe@gmail.com
Paul Mahno,TeamLead,zcrlbeusihpdvoytkwganqxjmf@gmail.com
Paul Mahno,Developer,ukbswyacnvhfpjrqtogxeidmzl@ukr.net
Kate Kovalchuk,TechLead,bpogturjfehkdyawczxqsivnml@gmail.com
Kate Bondar,PM,qnebswfhdmiogvzrptlacuxjky@i.ua
Denis Mahno,PM,cpzsvjryhlmxofqwtukgaeidnb@gmail.com
Kate Kovalchuk,PM,lvchxodpirstenabqyzfugmwkj@ukr.net
Paul Mahno,TeamLead,wfhozagdvylrutsxpjqmikcneb@gmail.com
Denis Bondar,PM,cgvhimaqbxdktnrzlypojewsfu@gmail.com
Denis Shevchenko,TeamLead,dvginzaxsowyhrecmjktbluqpf@i.ua
Denis Kovalchuk,TechLead,tcyrqvdzipgmwjkxhseuoanlfb@gmail.com
Olha Bondar,PM,ktrpfciuswlbghzqjaodenmxyv@ukr.net
Paul Bondar,TechLead,fyiunrhqjwtdxagkvmebpczosl@i.ua
Kate Bondar,TeamLead,tqamidwjcrluskovgpyxhbezfn@ukr.net
Denis Kovalchuk,TechLead,stqzdwjfiperhmloxvygnckbua@i.ua
Denis Shevchenko,TechLead,rebxavkzgincqfsowmhldpytuj@i.ua
Olha Bondar,PM,lfdjtpqyscwumvenbzaohrkigx@gmail.com
Paul Shevchenko,PM,onktziefxdjqluwabvcmyhrpgs@gmail.com
Denis Shevchenko,TechLead,zutnamvkdiloxschgferjpwbqy@gmail.com
Paul Bondar,TeamLead,qewjbmslyhtxpcfnkdvoirazug@gmail.com
Denis Mahno,TechLead,vmkbwfyhegacuzstdjrloqinxp@ukr.net
Kate Mahno,PM,lrosfydngmxizweqcjhtaubkpv@ukr.net
Paul Shevchenko,PM,pwzidrmhjufgeykaxtvosqbcln@ukr.net
Denis Shevchenko,TeamLead,yhufrbmiljcsaezqdwxopngkvt@i.ua
Kate Bondar,TechLead,emiyctqwrasdvbklujhxgfpnzo@i.ua
Kate Kovalchuk,TechLead,hvgdktxrpjecwzfsynomluiabq@ukr.net
Olha Mahno,Developer,nzrdhpqmslgfwveckyujitbxao@gmail.com
Paul Shevchenko,PM,ozbjvwntpimcslaukhxredgfyq@gmail.com
Paul Shevchenko,TeamLead,bwovkfyalzrpxnigjucqtdhesm@gmail.com
Olha Mahno,PM,pntxqihgjrmkvdawcuosyzbfle@gmail.com
Denis Bondar,TeamLead,hbqspvgjwfmiutnxcoydkerzal@i.ua
Paul Shevchenko,Developer,wpqmjxikvfucyldgezrotbhnas@ukr.net
Paul Kovalchuk,TechLead,fdhsegjvznptxbiylmokqcarwu@ukr.net
Denis Bondar,TechLead,ocmlrthxbwaigsfzyekdunjpvq@gmail.com
Denis Kovalchuk,PM,afcogxslumtidkzwnrqjyevhpb@i.ua
Denis Shevchenko,TeamLead,cfaberxyduojqzhivlgmnwkpst@ukr.net
Kate Bondar,TechLead,ljhrtbszodmfxnekpuigwcvayq@i.ua
Kate Bondar,TechLead,ugwpxmznaftkylhesbrivjdoqc@gmail.com
Kate Shevchenko,TechLead,vsriaedptyjwgzcnklofbuxmqh@gmail.com
Denis Shevchenko,TeamLead,cstpfjwhkniezlabrxogquydvm@gmail.com
Kate Shevchenko,TechLead,tkhecinbjyqrgzduofspmvaxlw@ukr.net
Paul Mahno,TechLead,psmnchobzdqwveuxgajflitrky@ukr.net
Paul Shevchenko,TechLead,lbprkustdganqmeowcixjvzfhy@gmail.com
Denis Mahno,TechLead,zysemafcgoktrnpwdlxhvjiqbu@ukr.net
Paul Kovalchuk,Developer,jybpqwmnvakflgdsouzirxhcte@ukr.net
Paul Mahno,Developer,irovwxljuqdyfbgkezctnphmsa@gmail.com
Paul Mahno,PM,xiufynpclkqjvrmbewatodghsz@gmail.com
Paul Shevchenko,PM,kmoachsebywjrgxutvfqilpnzd@gmail.com
Olha Kovalchuk,Developer,ntczpvqardikyufmxhjlgbsowe@gmail.com
Olha Bondar,TechLead,pajbcdhlxitsgwqverzmunyokf@gmail.com
Denis Bondar,TeamLead,lnfrbiwqoxmujkgtaeycvhdszp@gmail.com
Paul Shevchenko,PM,dcjoaqtmgzwehirvfsyuxbplkn@ukr.net
Denis Bondar,Developer,becsfjudzyvntgkmqhwxapoilr@i.ua
Olha Mahno,TeamLead,ksclbxqrepjudghoafinmzywvt@i.ua
Paul Shevchenko,TeamLead,vyjalswgzpimbkroedfuhxqcnt@ukr.net
Denis Shevchenko,TeamLead,jnhecgrwodysklfbtxivamuzqp@gmail.com
Denis Mahno,TeamLead,hvymtrkaqsnuebopdixfgzlwcj@i.ua
Olha Kovalchuk,TechLead,hidvxyzqaeburoltjnwcsgpfkm@gmail.com
Paul Kovalchuk,TechLead,nvqibjzyduawcthsgfxmplkeor@gmail.com
Paul Shevchenko,PM,mthqdgvkulxofipansbzerycwj@gmail.com
Olha Bondar,TeamLead,cpaxostblyijvzehufkdqngrwm@gmail.com
Kate Bondar,Developer,dofxbtrcwvuenjiaplmgyqzhsk@gmail.com
Olha Kovalchuk,Developer,sabqjrmknxgypofvuweclidtzh@gmail.com
Denis Bondar,TechLead,zdnkibehapslcmxwjqortfvgyu@gmail.com
Olha Kovalchuk,PM,mherpbfcntwuoxkadjqvlyigsz@ukr.net
Paul Shevchenko,Developer,ujhfqxbpvwdlinryoestkmazgc@i.ua
Denis Shevchenko,Developer,igdeslkcznohujbyqmtvapwrfx@i.ua
Denis Bondar,TeamLead,qhwrosdnpzvxjuftemkgcblaiy@i.ua
Kate Bondar,PM,epuvthkilmqjnwsyogbrcaxfzd@ukr.net
Denis Bondar,TeamLead,mfnuxkglzapsycwqdbjrivheot@gmail.com
Paul Kovalchuk,Developer,trceiwpbmydkhxsgqjaflzovnu@gmail.com
Olha Mahno,Developer,kozijunpfvwxaehqcdgbrytsml@ukr.net
Paul Mahno,Developer,shbjizgwontxvcayrupdqkmefl@ukr.net
Olha Bondar,TeamLead,mokrxequcsazwvljinydthpbgf@gmail.com
Olha Mahno,TeamLead,pgdqznfkrbceyijtvxlawhuoms@i.ua
Kate Bondar,TechLead,xjuedrqgmobfkvwtzaniscyplh@i.ua
Paul Bondar,TechLead,siylpxukejfbqmdgtzvwcrnoah@ukr.net
Paul Shevchenko,TeamLead,ewiozxltkjrngqhbcfmsapduvy@gmail.com
Paul Bondar,Developer,wsnuagbqejxvdlmcypkothirfz@ukr.net
Kate Bondar,Developer,kpelqciuafshydgormzwtnvbxj@i.ua
Denis Kovalchuk,Developer,shaqfitynevmdwbrxozlpgjkcu@ukr.net
Olha Kovalchuk,PM,fxzwahuosypeiqmdktrjbgclvn@ukr.net
Denis Kovalchuk,TechLead,dzygbsilemxapchwuofvqrtnkj@gmail.com
Kate Shevchenko,TechLead,mwvifuarkdospetxnbhzcqjygl@gmail.com
Olha Kovalchuk,TeamLead,wlbzmrsfpgukyhtadnqcexvoij@gmail.com
Paul Shevchenko,Developer,dibmqflpyzwuvotenrksxhjagc@i.ua
Olha Mahno,TeamLead,nbuwfsxopcqrzitgjyhevmldak@ukr.net
Paul Shevchenko,PM,tudkxjrlchbwvnipgmsfazyqoe@i.ua
Olha Mahno,Developer,zlpmwgdtvkjiyfuohqasnxrbce@gmail.com
Denis Mahno,PM,gacpsrutjvbmfnkihzodxlyeqw@i.ua
Denis Shevchenko,PM,plmhzkvoyifbaweurdtxngsjcq@i.ua
Kate Shevchenko,Developer,qwtrxosyvndjizbmheuafpckgl@ukr.net
Paul Bondar,Developer,jzrndfuygvswexithbkmapolqc@i.ua
Paul Bondar,TechLead,nfsrxygbajiezlucowkqtpvhmd@gmail.com
Denis Mahno,Developer,hroziutqcesdaljywgvkfnbxpm@ukr.net
Kate Mahno,PM,jmxkvnafcpodesrlgbtzuqyihw@gmail.com
Denis Kovalchuk,TechLead,bsvkaglmpqxythfzwdjcunireo@gmail.com
Kate Shevchenko,PM,idxybofcahluvmgnqzwserptkj@gmail.com
Denis Shevchenko,Developer,prwczfolydtejaksibvmghuqnx@gmail.com
Kate Mahno,PM,rbzusedtlmfyoxkchvgjapwqni@ukr.net
Olha Mahno,PM,vdhtglesjaxmrqbykzfuowpcin@gmail.com
Paul Bondar,TechLead,kwduipjzogmyrxeslfcbhvatqn@gmail.com
Denis Kovalchuk,TeamLead,rlhxsomqckpnegbjuivdywtazf@i.ua
Olha Shevchenko,PM,hazwivdmcuxljsnkbpyofgtrqe@i.ua
Paul Bondar,TeamLead,ujqhyocsvfdgemwkptazbixnrl@i.ua
Kate Bondar,Developer,qgtcykfiusnrlzdemhpavwjbox@gmail.com
Olha Kovalchuk,TeamLead,lapwnhvroguzsqtmjfedxckyib@gmail.com
Olha Bondar,TeamLead,idhkzbpnyxmsrfoacvjetgqwlu@i.ua
Denis Shevchenko,TechLead,rmktxnhjcaweisdpflzoubqygv@ukr.net
Kate Kovalchuk,Developer,zvrbxhwjyagsnfuoqidtpckmle@i.ua
Kate Kovalchuk,PM,spxuakhytwdjfrelqmibonvgcz@gmail.com
Kate Shevchenko,Developer,jvhagdcnsferyoqxipltuzbwmk@i.ua
Paul Bondar,PM,sytmrwpzhugoflvjiqndxebcka@i.ua
Kate Mahno,TechLead,yfvunejmhagspitcbklxrdoqwz@ukr.net
Paul Kovalchuk,PM,voghcsmbwqnijpdzyfkaruxlet@gmail.com
Olha Mahno,TeamLead,ujvtmxwgiyprlfacnheqodkszb@i.ua
Olha Mahno,Developer,wqyhgnfkailrcujxbsezpvmdto@i.ua
Paul Bondar,TeamLead,fpigwvjkubralycsodnzhmextq@ukr.net
Kate Mahno,PM,qyiegzdvplwuarkxmjnhfcsbot@gmail.com
Paul Kovalchuk,PM,twickayzlorfgbvmspxuejdhnq@ukr.net
Olha Bondar,TechLead,lobtxemrgpyfqzvwnijscadhuk@i.ua
Olha Shevchenko,Developer,juzlphnxibyfgmocqtskwrevad@ukr.net
Olha Mahno,PM,oluinjertcqgzfdmvbhxpayksw@i.ua
Denis Kovalchuk,TeamLead,afysnegkphimtxjwdvuqlrbcoz@i.ua
Denis Shevchenko,TeamLead,vxyfduarqjghsmbkicleponwzt@ukr.net
Denis Shevchenko,Developer,adqspzmwbeuotgrlxkvcyjnhfi@i.ua
Paul Mahno,TechLead,epxwmhtqfzncsgyrkoavldujib@i.ua
Kate Bondar,PM,suiyohawqrvzpdtjeknfgbxclm@gmail.com
Kate Mahno,Developer,isxkdhregvfnbmjuwoclatpzqy@i.ua
Olha Kovalchuk,TechLead,shvwetlmpzniudgbqjxayrokfc@gmail.com
Olha Bondar,Developer,wqrnidxubjhtesfcmgklvyzpao@gmail.com
Kate Kovalchuk,TechLead,iqmpxhguyaldwzcofkestrvbnj@i.ua
Paul Mahno,PM,rlzbhkeamypvxiwdnsfgqojtuc@ukr.net
Kate Bondar,PM,wbqtgzxyvaikhmpejcodslrfun@i.ua
Paul Kovalchuk,PM,qcuifgldwsronamhxytekjzvpb@ukr.net
Paul Bondar,Developer,exqgfcijtndkavhsuybrlopmwz@ukr.net
Paul Kovalchuk,PM,kozqunhbjeglwivmdrpfycaxts@i.ua
Paul Kovalchuk,PM,prqtaiochdygxwbmlkuevzjnsf@i.ua
Paul Shevchenko,TeamLead,zpjxsnhulvdremitagqkbywocf@i.ua
Denis Shevchenko,TeamLead,klsfnjatvormechxudzyigqwbp@i.ua
Denis Shevchenko,PM,rcmxfvpzwkjnoathqiluygsdeb@gmail.com
Kate Shevchenko,TeamLead,sdnmborxtfqclhpzgayikejwvu@i.ua
Kate Shevchenko,TechLead,guwobhslxtczkrqnipjfyvemda@ukr.net
Denis Mahno,TechLead,ecnzsrpavjlxmfokywgqbtuidh@i.ua
Olha Kovalchuk,PM,rykqnhwcosmtfbvzdeugpliaxj@ukr.net
Denis Shevchenko,TechLead,ehdozqvasrgkuwxcfynbjtilmp@ukr.net
Denis Kovalchuk,Developer,khrovxcwtuygqsdmapzeljnfbi@i.ua
Kate Shevchenko,PM,mcergszntbylidwuhjxfpqakov@ukr.net
Denis Mahno,PM,jbzpvqhcwokydirltaxsugfemn@gmail.com
Kate Kovalchuk,PM,uqlhadzrxmcwfseytngpiobvjk@i.ua
Kate Bondar,TeamLead,sylifrtwvekxzcnhmogubadpqj@ukr.net
Paul Kovalchuk,PM,uqnzwfsalycdiektgovhbpxjrm@ukr.net
Olha Shevchenko,Developer,yxopjdtcqszvwifrbkmalehngu@ukr.net
Paul Shevchenko,Developer,iygaswruvqnejdolbptkfczmxh@ukr.net
Olha Mahno,Developer,tijscmekgxrawdbhpzyqvuflno@ukr.net
Denis Kovalchuk,Developer,cpbfmrkutdvlnyojiaxzehqgws@gmail.com
Kate Kovalchuk,TeamLead,qydxrloumzitskajefcpghvbnw@i.ua
Olha Mahno,TeamLead,fjgoemrkytnubihzpwxsdqclva@i.ua
Denis Bondar,Developer,nigmjrkqdypuxhcvleawbtsofz@ukr.net
Paul Mahno,TeamLead,bqsnoxtylpmucivfekawdzjghr@ukr.net
Olha Bondar,TeamLead,duaqhnvjciogrpfbmetywlkxsz@ukr.net
Olha Bondar,PM,cieolkqdnbgamfhspwytzujxrv@gmail.com
Denis Shevchenko,PM,lnhpqfdtoivsxbkuamgwcyjzer@gmail.com
Denis Kovalchuk,TeamLead,ktracqsoheuwnvpmlgbzifdxjy@ukr.net
Paul Kovalchuk,TechLead,wfaugolhtqxisykzpnbmejrdvc@i.ua
Denis Kovalchuk,PM,mstqyvabghwxknozrfcdijlpeu@gmail.com
Paul Bondar,TeamLead,nxgrehtkbsomudiqclfpvazwyj@i.ua
Kate Mahno,TeamLead,rnjmixecblzdtoahysgupvkwqf@ukr.net
Olha Mahno,Developer,navgrihlwoksqfmjytzuedxbpc@gmail.com
Paul Kovalchuk,TeamLead,jlwdbkmgaseoqxtchyzripnufv@ukr.net
Denis Shevchenko,TeamLead,cgehkuiaylqsombdjvrwfzpntx@ukr.net
Kate Shevchenko,TeamLead,otucdgsewpnfbizxryhjkqvalm@gmail.com
Paul Mahno,TeamLead,srpwbkghzjfmlvucnxiaetdqyo@gmail.com
Paul Mahno,TeamLead,wjrhdgycknlsxpeuvmftoabiqz@i.ua
Kate Mahno,TeamLead,hngdefuqlimstockjprwxybazv@gmail.com
Denis Shevchenko,PM,wfjsrvicnpuhldomxtkbaeyzqg@ukr.net
Paul Shevchenko,TeamLead,cugojmtszwdhelyfbpkxqnariv@ukr.net
Kate Shevchenko,Developer,txavwnebmyophdckrjfiqlzugs@gmail.com
Denis Bondar,Developer,eugmpbrzhdnvlwkqsxjaityofc@i.ua
Olha Mahno,TeamLead,rvokwpzescxhubjgnmylaidqft@i.ua
Denis Shevchenko,TechLead,vplduhtafwgknmqszorbciexyj@ukr.net
Olha Bondar,PM,myazfpreiqguctoswjvkdlhxnb@ukr.net
Olha Bondar,Developer,rjlpmistkavwxeguzdhyconfqb@gmail.com
Denis Mahno,PM,eszkqordwhuvnfgjctbimylaxp@i.ua
